"Year","Region","Max","MaxDomain","Emigrations","Immigrations","Dropouts","Women.enrolled","Employment.rate","Unemployment.rate","Abortions.2529","Abortions.3034","Area"
"2002","Abruzzo",89.1297495940513,30.8243243243243,8.0434991011633,9.74308878161477,NA,NA,59.209619,8.866168,NA,NA,"Sud"
"2002","Basilicata",93.7141831149914,30.2627627627628,7.32503437430393,5.78828108383311,NA,NA,49.609119,13.354153,NA,NA,"Sud"
"2002","Calabria",87.379591599176,28.8852852852853,9.7927232799767,7.80207002840874,NA,NA,45.279067,17.774962,NA,NA,"Sud"
"2002","Campania",103.108678067755,29.0570570570571,11.2724962026063,8.86139240928273,NA,NA,45.470752,17.570552,NA,NA,"Sud"
"2002","Emilia_Romagna",87.2767197605689,30.64998331665,10.612084001361,15.1927591718173,NA,NA,69.871623,2.543064,NA,NA,"Centro"
"2002","Friuli_Venezia_Giulia",83.8862261230194,31.1051051051051,10.2046656025552,13.7999667430002,NA,NA,63.819482,4.373561,NA,NA,"Nord"
"2002","Lazio",89.1675792052719,30.4312312312312,8.72037755410888,10.2489300542833,NA,NA,55.606285,8.380814,NA,NA,"Centro"
"2002","Liguria",82.1134753280131,31.1051051051051,10.3854913409657,12.1732163510284,NA,NA,61.708131,7.475302,NA,NA,"Nord"
"2002","Lombardia",93.5631842080554,30.7945945945946,12.1444880615911,14.7698189122782,NA,NA,64.662192,3.344505,NA,NA,"Nord"
"2002","Marche",93.4018295062976,30.6162162162162,7.85103752340181,11.9917738454245,NA,NA,63.625944,4.950542,NA,NA,"Centro"
"2002","Molise",91.3089121588954,30.8408408408408,7.74102876417127,8.88534932383897,NA,NA,53.277885,8.836002,NA,NA,"Centro"
"2002","Piemonte",87.3964027057686,30.6963213213213,12.5500210552502,14.0232713924428,NA,NA,62.380618,6.382212,NA,NA,"Nord"
"2002","Puglia",95.2672335527162,29.6186186186186,7.28655301796158,5.89012742576282,NA,NA,46.226022,13.311384,NA,NA,"Sud"
"2002","Sardegna",72.9558083099724,32.0960960960961,7.9589988736224,7.90206649799632,NA,NA,52.37151,13.480634,NA,NA,"Sud"
"2002","Sicilia",97.8259991249159,28.9322655989323,8.88324576742403,7.24666448976568,NA,NA,43.883753,20.585492,NA,NA,"Sud"
"2002","Toscana",86.309213887329,30.7623873873874,9.41593988641108,12.4303072582192,NA,NA,64.193488,4.050434,NA,NA,"Centro"
"2002","Trentino_Alto_Adige",108.47807009246,30.1966966966967,9.08736806032987,11.6470881215452,NA,NA,66.329633,3.285258,NA,NA,"Nord"
"2002","Umbria",89.8145319991311,30.5105105105105,7.0926775892788,10.7693760167325,NA,NA,62.276583,7.087427,NA,NA,"Centro"
"2002","Valle_d_Aosta",89.0687679371512,30.8078078078078,31.5449906574945,35.2786412729268,NA,NA,70.692094,2.554935,NA,NA,"Nord"
"2002","Veneto",92.8117211061334,30.991848991849,10.4627198654298,13.3740200932106,NA,NA,63.882951,4.428281,NA,NA,"Nord"
"2003","Abruzzo",90.9719960911564,30.9399399399399,7.95182832886174,10.9541168461219,NA,NA,57.992025,8.147338,NA,NA,"Sud"
"2003","Basilicata",92.3676027293893,30.4114114114114,7.42958225608926,6.59130577940393,NA,NA,49.627829,13.296563,NA,NA,"Sud"
"2003","Calabria",90.4772263544537,29.3675675675676,10.181586154787,9.73533416643039,NA,NA,45.207959,16.342139,NA,NA,"Sud"
"2003","Campania",102.639123269465,29.5591591591592,11.1299000175814,10.2747058100725,NA,NA,45.770024,16.644636,NA,NA,"Sud"
"2003","Emilia_Romagna",86.5459985443355,30.9289289289289,10.2667164051472,16.3690330864173,NA,NA,69.556678,3.061929,NA,NA,"Centro"
"2003","Friuli_Venezia_Giulia",87.6400542273817,31.0968468468468,10.4503823208134,14.8248046382657,NA,NA,63.120501,5.065655,NA,NA,"Nord"
"2003","Lazio",91.1191282335139,30.5831831831832,8.58299131921067,11.7059117008136,NA,NA,57.167067,9.189365,NA,NA,"Centro"
"2003","Liguria",84.0210593197091,31.2454954954955,9.94150592433457,13.6830096805687,NA,NA,60.46597,6.524995,NA,NA,"Nord"
"2003","Lombardia",94.5749573079146,31.157957957958,11.9114386837248,16.0499961738746,NA,NA,65.262489,3.561449,NA,NA,"Nord"
"2003","Marche",91.4191972396493,30.9333333333333,8.34981694989345,14.3813179607672,NA,NA,64.098366,4.62617,NA,NA,"Centro"
"2003","Molise",89.4117974148714,31.3198198198198,7.82131274950762,8.92562293019873,NA,NA,51.790901,10.590351,NA,NA,"Centro"
"2003","Piemonte",88.2298541451425,31.0927177177177,12.1345746013746,16.3102829043323,NA,NA,62.90419,5.416458,NA,NA,"Nord"
"2003","Puglia",95.8131456770609,30.037037037037,7.15458174714598,6.34635599050263,NA,NA,45.416346,14.958621,NA,NA,"Sud"
"2003","Sardegna",75.9449204002642,32.248048048048,8.08304479612863,8.58804362278144,NA,NA,51.229849,14.030383,NA,NA,"Sud"
"2003","Sicilia",98.4401354018854,29.4387721054388,8.60230515629185,7.80027349311937,NA,NA,43.255634,20.028732,NA,NA,"Sud"
"2003","Toscana",85.8497809367061,31.3776276276276,9.36551187453978,14.2912890629336,NA,NA,63.786271,4.861212,NA,NA,"Centro"
"2003","Trentino_Alto_Adige",106.966133825456,30.5930930930931,9.71281851205509,13.4430672058459,NA,NA,67.184472,2.801879,NA,NA,"Nord"
"2003","Umbria",85.7408112155787,31.0885885885886,7.40105134450788,13.366131687639,NA,NA,60.965668,6.529581,NA,NA,"Centro"
"2003","Valle_d_Aosta",91.8208834550449,30.1801801801802,30.3630911341302,38.5768754724504,NA,NA,67.52281,3.490813,NA,NA,"Nord"
"2003","Veneto",91.7491606200087,31.1381381381381,10.9854024917529,16.0429905505567,NA,NA,64.684469,3.905476,NA,NA,"Nord"
"2004","Abruzzo",91.0739558080455,31.0390390390391,8.13790708696149,10.6660264120664,10.8,NA,56.405738,7.691624,NA,NA,"Sud"
"2004","Basilicata",92.9054860939809,30.3453453453454,7.12020924971195,6.07396068998579,12.7,NA,49.12993,12.874522,NA,NA,"Sud"
"2004","Calabria",91.4028084114935,29.7111111111111,10.676912941487,8.28192784453841,18.9,NA,46.153608,14.04009,NA,NA,"Sud"
"2004","Campania",103.72097223288,29.7177177177177,11.2283106464849,10.5000819165721,25.5,NA,45.234163,15.416607,NA,NA,"Sud"
"2004","Emilia_Romagna",89.5763982828471,31.1418084751418,11.6185427763195,17.6715865494886,18.3,NA,68.34824,3.69484,NA,NA,"Centro"
"2004","Friuli_Venezia_Giulia",89.4752480749304,31.5675675675676,11.3266122392344,15.2181708604544,13.3,NA,62.59793,3.973554,NA,NA,"Nord"
"2004","Lazio",91.3108027666781,30.8474474474475,8.44025206224508,12.3092632990754,13.6,NA,58.730303,7.88517,NA,NA,"Centro"
"2004","Liguria",86.312200020476,30.9977477477477,10.5524155863972,14.181739578234,11.1,NA,60.61671,5.847204,NA,NA,"Nord"
"2004","Lombardia",98.3476426665703,30.9696696696697,13.1942864561741,18.1388109076349,17.7,NA,65.499906,4.065762,NA,NA,"Nord"
"2004","Marche",93.60030785015,31.4156156156156,9.41477991625245,14.0318327101554,15.1,NA,63.947693,5.329693,NA,NA,"Centro"
"2004","Molise",89.6217963152349,30.9564564564565,8.33752134324305,8.6815104304858,10.2,NA,52.110124,11.104145,NA,NA,"Centro"
"2004","Piemonte",88.8015598693903,31.3074324324324,13.0803393094112,15.688014093611,18.5,NA,63.460613,5.340348,NA,NA,"Nord"
"2004","Puglia",98.2337584061661,30.2517517517517,6.98877601372644,5.94229115843722,26.5,NA,45.103047,15.272628,NA,NA,"Sud"
"2004","Sardegna",74.2622647454754,32.4990990990991,7.99670637491413,8.35543255440079,21,NA,51.487866,13.673436,NA,NA,"Sud"
"2004","Sicilia",99.3421474302918,29.7397397397397,9.03321755633856,7.98441340403854,25.7,NA,43.328926,17.054446,NA,NA,"Sud"
"2004","Toscana",89.1395211241627,31.518018018018,10.2236859890853,14.5474483678376,15.3,NA,63.285152,5.193216,NA,NA,"Centro"
"2004","Trentino_Alto_Adige",113.296414671929,30.7087087087087,10.2712470603947,14.1336850078563,17,NA,67.377737,2.938702,NA,NA,"Nord"
"2004","Umbria",94.8142881692194,31.1546546546546,8.13267932938064,12.9405349796683,11.2,NA,61.382572,5.783741,NA,NA,"Centro"
"2004","Valle_d_Aosta",94.1919795433573,30.8078078078078,32.7055188508694,39.4898596456628,18.3,NA,67.155984,2.987054,NA,NA,"Nord"
"2004","Veneto",95.7132790540884,31.4495924495924,11.9186767832856,16.0647512067622,14.5,NA,64.395253,4.313161,NA,NA,"Nord"
"2005","Abruzzo",94.1079716001831,31.3198198198198,8.46439090180918,10.9636975132016,13.4,NA,57.058134,7.873179,NA,NA,"Sud"
"2005","Basilicata",88.5684351012206,31.1051051051051,7.35150079654745,5.64208467847299,13.8,NA,49.164227,12.292192,NA,NA,"Sud"
"2005","Calabria",91.3502278627261,29.7903903903904,9.82265802622153,7.62941466154826,16.5,NA,44.51882,14.244125,NA,NA,"Sud"
"2005","Campania",99.8318102829774,29.8960960960961,11.1783590447004,9.45006901700683,24.8,NA,44.046371,14.895535,NA,NA,"Sud"
"2005","Emilia_Romagna",89.5750586995077,31.1454788121455,11.7097729157712,16.8323959777456,16.2,NA,68.431049,3.889453,NA,NA,"Centro"
"2005","Friuli_Venezia_Giulia",85.118237222043,31.6418918918919,11.7451200732509,14.6428601157032,12,NA,63.158531,4.174618,NA,NA,"Nord"
"2005","Lazio",89.6198764673755,31.0126126126126,9.85592688474971,12.1158958234386,10.3,NA,58.517031,7.731251,NA,NA,"Centro"
"2005","Liguria",87.823064004533,31.4519519519519,10.2529841270444,12.7484716372698,14.7,NA,60.968326,5.771429,NA,NA,"Nord"
"2005","Lombardia",97.9020984074536,31.3198198198198,12.8656476163287,16.1146945080208,17.8,NA,65.507266,4.1184,NA,NA,"Nord"
"2005","Marche",92.3598774861856,31.3891891891892,9.68667265419733,13.6238424274816,17.8,NA,63.456019,4.850808,NA,NA,"Centro"
"2005","Molise",90.7508726213831,31.3528528528528,8.33333333333333,8.4240354301156,10.2,NA,51.209601,9.88251,NA,NA,"Centro"
"2005","Piemonte",88.5786272117255,31.3156906906907,12.7303018378401,14.6247647909224,16,NA,63.975641,4.708072,NA,NA,"Nord"
"2005","Puglia",93.6054680806442,30.0810810810811,6.90032182299834,5.84859201203106,24.7,NA,44.392908,14.556307,NA,NA,"Sud"
"2005","Sardegna",74.3940910633849,32.7765765765766,8.05602171103897,8.61760675367693,23.4,NA,51.39736,12.798763,NA,NA,"Sud"
"2005","Sicilia",98.6856315726071,29.6736736736737,8.53278119465516,7.79443880221158,26,NA,44.083838,16.100755,NA,NA,"Sud"
"2005","Toscana",87.2553229951931,31.5634384384384,10.2997902637396,13.7961591802551,10.7,NA,63.712367,5.351915,NA,NA,"Centro"
"2005","Trentino_Alto_Adige",112.237809544704,30.6426426426426,10.4163659533403,14.0834876422288,13.8,NA,67.003891,3.168836,NA,NA,"Nord"
"2005","Umbria",91.4305185334383,31.5015015015015,8.28149602129507,12.8064638362671,14,NA,61.62181,5.990899,NA,NA,"Centro"
"2005","Valle_d_Aosta",89.0888515678934,32.2282282282282,32.3846285393204,39.3423399213349,17.8,NA,66.418148,3.213451,NA,NA,"Nord"
"2005","Veneto",93.4986162143333,31.3788073788074,11.9768535769703,15.0910365793399,15,NA,64.628422,4.248014,NA,NA,"Nord"
"2006","Abruzzo",91.7570125647853,31.7244744744745,8.89126751064773,10.5867057901824,11.6,NA,57.648983,6.565144,NA,NA,"Sud"
"2006","Basilicata",92.0203689094301,31.4684684684685,7.54874930309721,5.50133788388964,9.4,NA,50.233962,10.569109,NA,NA,"Sud"
"2006","Calabria",92.6136215069018,30.5567567567567,10.1108504250864,7.89202553041197,17.4,NA,45.448289,12.761693,NA,NA,"Sud"
"2006","Campania",99.3887246435883,30.1537537537538,11.2636266771512,9.4380436334752,25.4,NA,44.115417,12.843292,NA,NA,"Sud"
"2006","Emilia_Romagna",92.2355174256366,30.9766433099767,12.2558810621523,17.0880433996696,12.6,NA,69.373354,3.388126,NA,NA,"Centro"
"2006","Friuli_Venezia_Giulia",90.9550092719837,31.5840840840841,11.8521607379005,15.0253188110127,17.6,NA,64.777175,3.473435,NA,NA,"Nord"
"2006","Lazio",94.6439649891097,31.3495495495495,8.99466077027631,11.5226705509372,9.5,NA,59.381312,7.524535,NA,NA,"Centro"
"2006","Liguria",89.8750660335524,31.6336336336337,10.7680435195142,13.1724966791068,14.7,NA,62.097453,4.797384,NA,NA,"Nord"
"2006","Lombardia",100.006170128763,31.2801801801802,14.0078565104233,16.8722355028003,13.3,NA,66.515105,3.703397,NA,NA,"Nord"
"2006","Marche",95.7547929304211,31.3297297297297,9.78193490739341,13.0190539792834,15.2,NA,64.356587,4.557197,NA,NA,"Centro"
"2006","Molise",83.5462785951449,32.2777777777778,8.4245035358547,8.93384246291435,11.4,NA,52.350752,9.870526,NA,NA,"Centro"
"2006","Piemonte",89.9366951043177,30.9358108108108,13.0952843708735,14.8382653240548,15.8,NA,64.711293,4.083527,NA,NA,"Nord"
"2006","Puglia",93.6945837430372,30.5545545545545,7.03387949025354,5.75798390637874,22.4,NA,45.678762,12.61973,NA,NA,"Sud"
"2006","Sardegna",76.0047807648575,32.6048048048048,8.36754676580941,9.05648965915008,22.2,NA,52.101609,10.746717,NA,NA,"Sud"
"2006","Sicilia",96.6936511131093,29.9232565899233,8.75776523199579,7.80911819100322,24.5,NA,45.017808,13.407173,NA,NA,"Sud"
"2006","Toscana",89.5710871016004,31.6336336336336,10.5147305183927,13.7267593750035,12.9,NA,64.680172,4.841187,NA,NA,"Centro"
"2006","Trentino_Alto_Adige",110.144827205082,30.9069069069069,10.9397366635548,14.3391336730894,12.4,NA,67.39433,2.828854,NA,NA,"Nord"
"2006","Umbria",93.2337274904794,30.8903903903904,8.53855099905909,11.7666310172929,12.2,NA,62.789249,5.068113,NA,NA,"Centro"
"2006","Valle_d_Aosta",98.1283201167755,32.1291291291291,33.8568625392647,37.2128327909625,15.3,NA,67.015267,2.935949,NA,NA,"Nord"
"2006","Veneto",96.8838390050649,31.5062205062205,12.4951377647476,15.2466533383385,12.3,NA,65.281598,4.086374,NA,NA,"Nord"
"2007","Abruzzo",93.3698452854679,31.5262762762763,9.07154076471872,13.598289418592,10.4,NA,57.933096,6.161378,NA,NA,"Sud"
"2007","Basilicata",89.82548535871,31.6336336336337,7.51912516132992,7.22996738450312,9.3,NA,49.530199,9.432953,NA,NA,"Sud"
"2007","Calabria",90.9021122182497,30.1801801801802,9.5518264528735,10.7229592020435,18.1,NA,44.8543,11.129754,NA,NA,"Sud"
"2007","Campania",99.6662952872555,30.1339339339339,11.5977020125513,10.5007350514536,28.4,NA,43.666479,11.176395,NA,NA,"Sud"
"2007","Emilia_Romagna",94.6523476510904,31.2335669002336,12.1992610654836,18.5919814710942,13,NA,70.186629,2.849363,NA,NA,"Centro"
"2007","Friuli_Venezia_Giulia",92.6063948509261,31.7244744744745,12.2688783491843,17.1599082880154,8.8,NA,65.386883,3.403962,NA,NA,"Nord"
"2007","Lazio",93.9324635371215,31.0918918918919,8.43648299648558,13.305343730867,8.3,NA,59.514091,6.384626,NA,NA,"Centro"
"2007","Liguria",89.5738737828996,31.8318318318318,10.9614413839958,13.96862629,13.8,NA,63.469979,4.824058,NA,NA,"Nord"
"2007","Lombardia",101.946579642577,31.2009009009009,13.6149755379317,17.5081251303472,12.7,NA,66.669971,3.399884,NA,NA,"Nord"
"2007","Marche",95.2752162631263,31.6336336336336,9.66510851264041,15.467303633136,13.2,NA,64.809829,4.111038,NA,NA,"Centro"
"2007","Molise",92.2736049879012,31.1216216216216,8.49002795135771,10.0889590561454,11.7,NA,53.593595,8.062333,NA,NA,"Centro"
"2007","Piemonte",92.8215408344998,31.3404654654654,13.6646897435171,18.9193356832229,14.3,NA,64.865765,4.201828,NA,NA,"Nord"
"2007","Puglia",95.361137886851,30.5655655655655,6.94866713987145,6.68332741827359,21.4,NA,46.59317,11.088739,NA,NA,"Sud"
"2007","Sardegna",77.0137431740202,32.8426426426427,8.37027677760655,9.83413793355292,16.7,NA,52.77565,9.811813,NA,NA,"Sud"
"2007","Sicilia",95.4946537689691,30.4407741074408,8.82950614911606,9.18095855751986,22.7,NA,44.554316,12.89701,NA,NA,"Sud"
"2007","Toscana",91.323272007321,31.8194444444444,10.4876792449695,15.9103622839229,12.7,NA,64.659712,4.361926,NA,NA,"Centro"
"2007","Trentino_Alto_Adige",110.867275564504,31.0225225225226,11.1186361182823,15.8502932394212,13.3,NA,67.954472,2.747221,NA,NA,"Nord"
"2007","Umbria",101.347627143854,31.2372372372373,9.02321476187316,15.7746734714552,9.7,NA,64.559449,4.618093,NA,NA,"Centro"
"2007","Valle_d_Aosta",99.9041024243639,30.2132132132132,37.9184184344812,42.3312686543214,15.2,NA,68.187126,3.171709,NA,NA,"Nord"
"2007","Veneto",96.9406392639108,31.6808236808237,12.5212080009841,17.4376029541498,11.5,NA,65.694713,3.367744,NA,NA,"Nord"
"2008","Abruzzo",95.916828122388,31.6831831831832,9.40588283292928,13.0446951019098,15,57.4833447481477,58.807944,6.617431,NA,NA,"Sud"
"2008","Basilicata",93.306472495305,31.5840840840841,7.39575459867291,6.36793136925368,8.7,57.4064762670957,49.611858,10.992651,NA,NA,"Sud"
"2008","Calabria",91.8900648284771,30.1735735735736,9.63827904765225,9.28811404565889,15.5,57.3900403089737,44.02132,12.013911,NA,NA,"Sud"
"2008","Campania",99.9133242439936,30.5237237237237,11.9992497897596,10.5303934541564,25.8,56.9877040084045,42.398161,12.544476,NA,NA,"Sud"
"2008","Emilia_Romagna",96.4369284431791,30.9876543209877,12.0385490897608,19.2466175827535,11.8,55.8904903309915,70.159335,3.185249,NA,NA,"Centro"
"2008","Friuli_Venezia_Giulia",94.2628738408874,31.7987987987988,11.7608102811778,16.2776003464088,12.2,55.0654774466573,65.184613,4.263738,NA,NA,"Nord"
"2008","Lazio",95.9588276787879,31.3363363363363,10.5467731798792,15.0843620979568,10.6,55.877029002298,60.228552,7.466821,NA,NA,"Centro"
"2008","Liguria",93.1843312645216,31.5758258258259,10.9962493266281,15.0772143592879,9.8,55.8267284693228,63.643494,5.355984,NA,NA,"Nord"
"2008","Lombardia",104.283647032438,31.2636636636637,13.0594694371208,16.9507948377495,15.1,55.2697985110131,66.913999,3.696468,NA,NA,"Nord"
"2008","Marche",98.5681675724344,31.5807807807808,10.1666979178823,15.3459640694065,13.8,57.2126942245676,64.709191,4.654408,NA,NA,"Centro"
"2008","Molise",87.3063776328121,31.8483483483484,8.58095367015366,9.98183575365882,12.6,57.1729676961306,54.117248,9.134434,NA,NA,"Centro"
"2008","Piemonte",92.791632025457,31.2826576576577,13.1260249185859,17.0458344394672,17.3,55.7625169079029,65.188535,5.079194,NA,NA,"Nord"
"2008","Puglia",96.0102056639463,30.9289289289289,7.1432711967153,6.60476257379808,18.7,58.156157746153,46.579133,11.602327,NA,NA,"Sud"
"2008","Sardegna",77.2646033075346,33.2456456456457,8.92558054355881,10.0650189380847,18.3,61.3825076893611,52.325067,12.178994,NA,NA,"Sud"
"2008","Sicilia",96.2113597539492,30.3233233233233,8.95337009860115,9.0811221607164,23,58.3415998173263,44.146778,13.689715,NA,NA,"Sud"
"2008","Toscana",92.8006356323395,31.7575075075075,10.254666753603,14.8719159756966,13,56.0315457413249,65.25311,5.040445,NA,NA,"Centro"
"2008","Trentino_Alto_Adige",111.877243262284,31.2702702702702,11.0016579344791,15.3035038214342,13.1,57.6006881338531,68.518151,2.794996,NA,NA,"Nord"
"2008","Umbria",98.1764018691529,31.5345345345345,8.82042702614507,14.6055718845729,12.6,57.3940086316324,65.29967,4.764511,NA,NA,"Centro"
"2008","Valle_d_Aosta",113.870859918072,30.1471471471471,35.483614254564,39.3608047239332,19.1,58.3702104695089,67.843837,3.311833,NA,NA,"Nord"
"2008","Veneto",101.298657791171,31.5298155298155,11.8214068125058,16.3733079347181,13.3,55.3154677227114,66.448394,3.442695,NA,NA,"Nord"
"2009","Abruzzo",92.1086595393831,31.8070570570571,9.18777474927887,11.0442117972262,11.7,58.0031488614937,55.722508,7.957827,NA,NA,"Sud"
"2009","Basilicata",89.7943446411743,32.063063063063,7.53346668718264,6.23343762288215,9.2,57.5337986543419,48.38424,11.222414,NA,NA,"Sud"
"2009","Calabria",92.4994091624564,30.9861861861862,9.68638742210532,9.53723842640726,12.7,57.9133329113783,43.004185,11.308793,NA,NA,"Sud"
"2009","Campania",99.9530716146052,30.56996996997,10.8877508228036,10.2785403603226,23.2,57.4948090771202,40.767505,12.919312,NA,NA,"Sud"
"2009","Emilia_Romagna",97.1032295576004,31.1968635301968,11.5600068649211,16.7735846383689,11.2,55.9349404973872,68.384136,4.730837,NA,NA,"Centro"
"2009","Friuli_Venezia_Giulia",94.8517156150456,31.7079579579579,11.6383987954139,14.603320287461,12.3,55.6846056429623,63.477053,5.21489,NA,NA,"Nord"
"2009","Lazio",96.5414909242556,31.6072072072072,8.69212901723343,12.7686218909963,7.7,56.2376102501833,59.515639,8.387542,NA,NA,"Centro"
"2009","Liguria",91.3566434588826,31.9474474474475,10.4610511246055,13.747623917947,10.7,56.119422174468,63.225825,5.772134,NA,NA,"Nord"
"2009","Lombardia",106.147540204633,30.9333333333333,11.8549899602283,15.4637891402199,17,55.6794401010819,65.696554,5.293421,NA,NA,"Nord"
"2009","Marche",97.6658945400648,31.7327327327327,10.1256509309952,13.3412143618119,15.3,57.2405426271093,63.624592,6.610115,NA,NA,"Centro"
"2009","Molise",86.8165808270103,32.1456456456457,9.00398004301726,9.77980459313364,13.6,57.4710060235548,52.179034,9.0035,NA,NA,"Centro"
"2009","Piemonte",93.0740852614901,31.228978978979,12.8577775448781,15.8209295278542,17.1,55.8674313056328,63.903064,6.783735,NA,NA,"Nord"
"2009","Puglia",96.6803043921156,31.0115115115115,6.61951315993607,6.2804569146862,18.9,58.2090811780748,44.909423,12.620016,NA,NA,"Sud"
"2009","Sardegna",78.9233577597977,32.8294294294294,8.75575953237769,9.41160671671721,16.9,61.5264604932384,50.783691,13.187076,NA,NA,"Sud"
"2009","Sicilia",96.0104337370155,30.64998331665,8.25621154676319,8.53207712470158,23.6,58.5991453891639,43.574466,13.759448,NA,NA,"Sud"
"2009","Toscana",92.9509585847745,31.8029279279279,10.368190799601,14.5814611759583,15.6,56.2353539448999,64.7132,5.767092,NA,NA,"Centro"
"2009","Trentino_Alto_Adige",111.0606808588,31.1381381381381,10.937885635646,14.627153883061,13.9,58.2442834183889,68.407393,3.180001,NA,NA,"Nord"
"2009","Umbria",91.9273217627143,31.7657657657658,9.31267336637715,14.0018643990723,7.4,57.7434432614905,62.856247,6.579395,NA,NA,"Centro"
"2009","Valle_d_Aosta",103.026466243223,30.9399399399399,40.3936292139272,42.3538710824803,21.1,59.7220665695394,66.824737,4.517867,NA,NA,"Nord"
"2009","Veneto",98.3348056356488,31.1806091806092,11.7644945987471,14.6285385890624,12.7,55.5737699950609,64.577465,4.704769,NA,NA,"Nord"
"2010","Abruzzo",95.019240047767,32.03003003003,9.04755979381832,11.0329068675694,8.9,57.5450207419131,55.375576,8.664318,21.39,20.39,"Sud"
"2010","Basilicata",90.2711972662916,32.0960960960961,7.13743825285178,6.23118406914994,13.4,57.6777769492705,47.064789,12.902102,17.28,21.81,"Sud"
"2010","Calabria",95.1184561719142,30.3981981981982,9.38040883167209,9.3827395694418,12.8,58.2787547519669,42.103423,11.858828,19.41,21.78,"Sud"
"2010","Campania",98.9533633088237,30.9069069069069,10.8972177873165,10.5282787805486,22.3,57.6654691681081,39.784432,13.938253,20.15,22.09,"Sud"
"2010","Emilia_Romagna",100.39701835259,31.017017017017,11.9357464397461,17.0878824538514,12.2,56.1509772279003,67.315528,5.618916,20.88,23.61,"Centro"
"2010","Friuli_Venezia_Giulia",96.362266297056,31.4024024024024,12.1354748717279,14.7867298578199,10.5,55.5784747230706,63.591538,5.691168,20.95,21.17,"Nord"
"2010","Lazio",96.0881489843251,31.5279279279279,8.89183626038021,12.7957699981835,9.4,56.4866621229652,59.125021,9.1709,19.37,20.93,"Centro"
"2010","Liguria",89.728708151415,31.6584084084084,11.6291358604921,15.1463648033316,15.2,56.1144752150533,62.738299,6.596895,19.81,20.34,"Nord"
"2010","Lombardia",106.062376204647,31.0918918918919,12.4546590319911,16.6832426565676,14.6,55.713481611745,64.964022,5.543201,20.32,23.1,"Nord"
"2010","Marche",99.0721442618414,31.4486486486487,10.1723558313938,12.98202741143,10.6,57.1659676014377,63.730065,5.658888,19.83,23.29,"Centro"
"2010","Molise",93.2092891321064,32.4264264264264,8.62065145486945,9.28723582716917,9.4,57.8556164638112,51.01334,8.393143,20.32,19.44,"Centro"
"2010","Piemonte",94.3058968165555,30.7912912912913,12.9684576328639,15.84679291853,13.9,55.7076165954173,63.471975,7.516071,20.25,22.31,"Nord"
"2010","Puglia",95.000554001727,31.2977977977978,6.73893691393705,6.82802985053462,16.9,58.3717103517097,44.31302,13.473605,19.49,21.41,"Sud"
"2010","Sardegna",81.0784135087631,32.9021021021021,8.7916207850102,9.84803269736973,15.4,61.5352095663728,50.965964,14.025148,20.5,20.06,"Sud"
"2010","Sicilia",95.8375288395099,30.7931264597931,8.46308865206397,8.86490901647388,22.1,58.7799130895931,42.683882,14.606031,19.96,21.33,"Sud"
"2010","Toscana",93.6059633858075,31.7368618618619,10.3483199661576,14.5820743151661,14.7,55.9622951344089,63.709804,6.044718,19.92,23.23,"Centro"
"2010","Trentino_Alto_Adige",114.79219855689,30.7252252252253,10.7827836329638,14.2732594832976,13.2,59.1788149953087,68.40767,3.458494,18.71,21.89,"Nord"
"2010","Umbria",100.633229833095,31.3363363363364,9.20743510554989,13.6423270809108,9.7,57.5438736864565,62.583354,6.610417,20.8,22.57,"Centro"
"2010","Valle_d_Aosta",116.339867417707,29.4864864864865,37.1653394456391,40.1931362587333,15.2,59.9361795774648,67.341212,4.459987,19.28,20.88,"Nord"
"2010","Veneto",101.034140389256,31.6383526383527,11.8819617335462,14.7095883267823,13.6,55.3976372343488,64.366782,5.66645,20.59,22.93,"Nord"
"2011","Abruzzo",94.4934505428999,31.8566066066066,9.38670799416199,11.2700681602744,10.1,57.6417678412792,56.628213,8.568764,19.81,21.26,"Sud"
"2011","Basilicata",91.3143908852503,31.6831831831832,7.29144785550715,6.94089085555881,10.4,57.8554928131417,47.61183,11.892785,16.91,19.89,"Sud"
"2011","Calabria",90.7306586564025,30.8276276276276,9.40402596487207,8.84947584973801,15.1,58.4904798172125,42.436235,12.650869,20.77,22.18,"Sud"
"2011","Campania",95.6916293244341,31.0456456456456,11.4192985640824,10.4138419362279,21,57.3862054232444,39.353353,15.395715,20.57,21.66,"Sud"
"2011","Emilia_Romagna",97.9338298114023,30.9215882549216,12.1158067021305,16.3423647433031,12.6,56.1586098264441,67.803696,5.231784,20.33,23.42,"Centro"
"2011","Friuli_Venezia_Giulia",95.2196560903992,31.5840840840841,11.8192108284824,14.028845376995,11.8,55.7369270190756,64.209507,5.16194,20.77,20.94,"Nord"
"2011","Lazio",93.790878962897,31.5873873873874,8.71389522934019,12.6258887666936,11.8,56.081407332137,58.835157,8.730179,19.61,20.43,"Centro"
"2011","Liguria",91.3975076188595,31.484984984985,11.0332018287158,13.9952894430655,10.4,56.3598395949217,62.975251,6.417787,20.28,20.65,"Nord"
"2011","Lombardia",104.283027365382,31.2372372372372,12.6422708211982,16.3367898566331,13.8,55.6410187855718,64.573026,5.683875,20.31,22.44,"Nord"
"2011","Marche",98.004801501757,31.9837837837838,10.1208299346419,12.3982973846424,11.4,56.9093951780108,62.441303,6.790852,19.8,22.69,"Centro"
"2011","Molise",87.2830951152305,31.6336336336337,8.91695466558244,9.84956291929254,8.7,57.1042786710601,50.269541,9.935038,22.9,23.68,"Centro"
"2011","Piemonte",94.7288988475884,31.3858858858859,12.9764376190095,15.394590702505,13.3,55.8459699550174,64.17793,7.560364,20.41,21.69,"Nord"
"2011","Puglia",93.6260868847323,31.4299299299299,7.08345462870451,6.4933861717913,14.7,58.1635727865732,44.717406,13.152456,19.81,21.36,"Sud"
"2011","Sardegna",78.6128906035358,33.1201201201201,8.94196455802004,9.37497924005621,18.1,61.4650217037946,51.718086,13.538202,19.86,20,"Sud"
"2011","Sicilia",94.0255819711617,30.8591925258592,8.37129176465101,8.25483715526609,20.8,58.5241900037674,42.374448,14.255532,20.26,19.98,"Sud"
"2011","Toscana",92.4224917056734,32.0176426426426,10.7769097350348,14.1726442819522,13.4,56.2053090760805,63.565442,6.334047,19.99,23.04,"Centro"
"2011","Trentino_Alto_Adige",112.990797035671,31.2042042042042,11.2517580872011,14.5189611342611,9.9,58.6383508538604,68.410592,3.850587,19.21,22.86,"Nord"
"2011","Umbria",91.2356317037203,31.5345345345345,9.39052223284052,12.1785372983304,11,57.6323945377526,62.249886,6.390697,21.62,23.25,"Centro"
"2011","Valle_d_Aosta",109.563024257126,30.3453453453453,34.1541292773273,37.7214851399495,14.1,59.6204766107679,66.880368,5.250544,22.8,16.4,"Nord"
"2011","Veneto",100.393485268244,31.4212784212784,12.1113876817104,14.4449777297593,13.3,55.3487046617057,64.88681,4.903937,20.18,22.98,"Nord"
"2012","Abruzzo",92.8528547788346,32.0052552552552,11.7422035048933,13.1627246129538,9.7,57.7960653534271,56.661085,10.828533,19.66,22.35,"Sud"
"2012","Basilicata",91.7468081524495,31.5015015015015,8.70098039215686,7.60149130074565,8.9,58.2236244189972,46.829043,14.505649,19.89,18.52,"Sud"
"2012","Calabria",92.9046445758788,30.5237237237237,11.3709883893411,9.9265647161139,14.8,58.5955236476447,41.470505,19.361264,21.13,20.93,"Sud"
"2012","Campania",94.9615382204221,31.0984984984985,13.2330106100409,11.5995746442828,18.2,57.760373737313,39.890684,19.240809,20.53,21.19,"Sud"
"2012","Emilia_Romagna",96.7836439533405,30.9876543209876,13.0978108147129,16.6085595336612,14.2,55.9844995781577,67.502029,6.982607,20.66,22.23,"Centro"
"2012","Friuli_Venezia_Giulia",94.2661408516277,31.6501501501501,12.8315307908686,15.077939462686,12.9,55.7238096394613,63.642054,6.744653,19.16,21.59,"Nord"
"2012","Lazio",92.2269252357872,31.7195195195195,11.1118563834778,15.7564809856243,9.5,56.2705568525308,58.830196,10.606974,19.3,20.61,"Centro"
"2012","Liguria",92.887328561001,31.6253753753754,13.1200883468671,15.2278856119379,15.5,56.395657784863,61.985405,8.062054,20.4,20.02,"Nord"
"2012","Lombardia",104.595682319066,31.2471471471471,14.2034699583967,17.0794630645099,11.5,55.8163927957847,64.529674,7.408029,19.58,22.75,"Nord"
"2012","Marche",95.7199765107461,31.8582582582583,11.4947645499061,13.1897213566364,12,56.5272619224484,62.582504,9.052617,19.58,23,"Centro"
"2012","Molise",88.5557760658104,32.6411411411411,11.183883586692,11.3616381452363,9.5,57.546214231451,50.619918,11.973847,22.62,23.61,"Centro"
"2012","Piemonte",96.7258394701165,31.1959459459459,14.7116937926007,17.0991080535553,12.8,55.7193756240527,63.63768,9.19603,20.6,20.85,"Nord"
"2012","Puglia",90.2157047627486,31.42992992993,8.19986950365811,7.24296132613922,16,57.8176638444506,44.880597,15.722753,19.81,21.54,"Sud"
"2012","Sardegna",75.9953122691499,33.2786786786787,10.4722493609066,10.8217190841041,19.7,61.2366890964918,51.713016,15.418288,20.12,21.1,"Sud"
"2012","Sicilia",93.0833651625842,30.8371705038372,10.2781815531023,9.76810104256347,20.1,58.4114474417093,41.298608,18.382228,20.59,20.04,"Sud"
"2012","Toscana",92.517752685969,31.7038288288289,12.5379834392874,15.9612806629642,14.7,56.0179496380712,63.742242,7.791731,20.89,21.76,"Centro"
"2012","Trentino_Alto_Adige",115.374431609271,31.0390390390391,12.3757875505551,15.3708658115085,11,58.0695434830552,68.534927,5.079671,19.23,20.99,"Nord"
"2012","Umbria",96.1673308448128,31.584084084084,10.9835165267119,13.3361485253373,13.3,57.2910824453169,61.498853,9.466774,19.42,23.64,"Centro"
"2012","Valle_d_Aosta",106.021689906558,31.7657657657658,38.5153764581124,44.4224500216017,16.9,58.9212080686504,66.322907,7.107765,21.49,19.42,"Nord"
"2012","Veneto",100.607594722718,31.2655512655513,13.1323700803384,14.6677284602138,11.8,55.5724859150174,64.90734,6.430396,19.94,23.22,"Nord"
"2013","Abruzzo",91.8514141527453,32.1621621621622,10.6972698886298,11.6238913448543,6.2,57.7338772698976,54.954033,11.252408,21.42,19.68,"Sud"
"2013","Basilicata",87.9424456237146,32.1621621621622,7.39191411998961,6.73707904077569,12.9,58.4189455112981,46.17887,15.239447,20.89,17.08,"Sud"
"2013","Calabria",89.9824750048898,30.7615615615615,9.77665445391683,8.99558200802067,12.2,58.5114777034832,38.949237,22.264278,21.33,21.22,"Sud"
"2013","Campania",92.8378528109783,31.1447447447447,11.5315535106513,10.6558450148872,17.6,57.747462902059,39.709444,21.450816,20.54,21.61,"Sud"
"2013","Emilia_Romagna",96.4590865937731,31.0867534200867,11.9604806568197,14.6850904255006,12.3,55.9791251449643,66.24904,8.363228,20.43,22.41,"Centro"
"2013","Friuli_Venezia_Giulia",94.1346283283225,31.7492492492493,11.6376745222602,13.4834083953544,6.4,55.2362098019114,62.96331,7.692738,19,22.35,"Nord"
"2013","Lazio",92.5431607305636,31.8450450450451,9.21527994472037,12.0478681628608,10.1,56.0372369131139,57.749392,11.974467,19.29,21.04,"Centro"
"2013","Liguria",91.5409142213107,31.2785285285286,12.0338532446473,13.4003056720691,16,55.8694905759257,60.618409,9.823508,20.11,20.79,"Nord"
"2013","Lombardia",100.812645563211,31.2306306306306,12.9578809138833,15.4924186090445,11.1,55.4591182250757,64.764656,8.026834,20.17,21.62,"Nord"
"2013","Marche",93.08120152196,32.0234234234234,10.3761887207831,10.9787660762483,11.1,56.7388385993595,61.051651,10.945826,18.77,23.54,"Centro"
"2013","Molise",83.2991283849942,32.6741741741742,9.61302838472534,9.57282519910149,11.8,57.9630784244626,47.572474,15.618981,24.95,20.25,"Centro"
"2013","Piemonte",94.9732031486045,31.0349099099099,13.2742978921853,14.7022831495932,13.8,56.0126736026763,62.203157,10.53161,19.81,21.95,"Nord"
"2013","Puglia",89.0521118987119,31.4574574574575,7.37078080346557,6.66211957863651,16.2,58.1330843584149,42.333334,19.7356,19.43,21.86,"Sud"
"2013","Sardegna",74.7794273726257,33.2324324324324,9.23701017114282,9.50849851594027,21.2,60.6394061726787,48.317613,17.472186,18.75,21.27,"Sud"
"2013","Sicilia",90.1719266235813,30.9986653319986,9.02864130886468,8.6640256137282,21.7,58.2734826080834,39.329118,20.981426,20.86,20.4,"Sud"
"2013","Toscana",89.4477831374224,31.6253753753754,11.0647764400352,13.5109122736065,11.9,55.7624943886153,63.715799,8.680321,20.22,21.89,"Centro"
"2013","Trentino_Alto_Adige",117.804156286312,31.3858858858858,11.3821869491911,13.9864542884865,11.8,58.0938554165421,68.428986,5.395915,19.3,21.59,"Nord"
"2013","Umbria",91.4148799670356,31.5675675675676,9.85122241364246,10.8378456485748,11.9,57.1482517482517,60.897214,10.328976,21.02,22.03,"Centro"
"2013","Valle_d_Aosta",97.9142199893029,30.6756756756757,34.8821033051715,39.4213409820947,15.2,58.9017403523943,65.616298,8.257127,21.16,21.99,"Nord"
"2013","Veneto",97.9321630369758,31.3976833976834,11.7445268356179,12.7400760800708,7.1,55.6088143649175,63.053219,7.591635,19.85,22.04,"Nord"
"2014","Abruzzo",92.2927702305471,32.2117117117117,10.3552249086034,10.7603626689766,4.8,57.6212054103778,53.945745,12.55167,19.85,21.7,"Sud"
"2014","Basilicata",90.0973384978327,32.4099099099099,7.53958743622072,6.51703501477908,10.4,58.4618830314399,47.188267,14.726464,19.92,19.79,"Sud"
"2014","Calabria",89.8101393753764,31.0522522522522,9.45529269859557,8.70869858739492,11.7,58.5711519682123,39.31193,23.415318,21.68,21.48,"Sud"
"2014","Campania",91.573406954075,31.2636636636637,10.832704831846,10.1155938100402,16.9,57.4551811844601,39.170286,21.740833,20.15,22.13,"Sud"
"2014","Emilia_Romagna",96.4448011480399,31.0794127460794,11.5643982355653,13.826504470312,10.6,55.8038000926852,66.264464,8.311636,20.12,21.95,"Centro"
"2014","Friuli_Venezia_Giulia",95.4228112432955,31.707957957958,11.6101108259373,12.7382888266296,6,55.0363997352747,63.112487,7.995479,18.92,18.79,"Nord"
"2014","Lazio",91.6326096872662,31.8846846846847,9.0342778725549,11.5005446408995,11.2,55.5489518242656,58.764622,12.505003,20.33,20.84,"Centro"
"2014","Liguria",92.8939490241939,31.4767267267267,11.3193387170463,12.3446993713939,11.5,55.6046505205601,60.723079,10.847588,19.61,20.64,"Nord"
"2014","Lombardia",102.853535085696,31.5642642642643,12.6224285781472,14.6208235055619,10.2,55.3059688070503,64.855464,8.18985,19.5,22.31,"Nord"
"2014","Marche",94.5830151895811,32.0960960960961,9.95509455442413,10.7833734973972,9.4,56.3236105999264,62.397736,10.090266,20.48,21.58,"Centro"
"2014","Molise",85.6751548177408,32.8888888888889,9.4580644748911,8.95310597417041,5.8,57.8397691356328,48.484388,15.180016,21.12,18.63,"Centro"
"2014","Piemonte",97.0287776477097,31.1422672672673,12.9792776351731,13.9932738042997,9,55.8668400264946,62.389577,11.294452,21.42,21.97,"Nord"
"2014","Puglia",91.5654395690543,31.6886886886887,7.11214020934879,6.40705205861609,13.5,57.5738390187344,42.138906,21.4637,19.34,20.88,"Sud"
"2014","Sardegna",74.2015431239331,33.3843843843844,8.87972851292081,8.86677865670052,17,60.1977901227031,48.55451,18.628353,19.09,20.66,"Sud"
"2014","Sicilia",92.5801121827067,30.9325992659326,8.86600179223342,8.30306278330914,20.5,57.8128596237943,39.014836,22.171956,21.4,20.15,"Sud"
"2014","Toscana",89.5967436210553,31.707957957958,10.7148665983138,12.8723366467314,10.8,55.5321658051646,63.801965,10.105057,20.01,22.29,"Centro"
"2014","Trentino_Alto_Adige",119.124451854377,31.3198198198198,11.4158688160638,13.3774693452398,8.8,57.8361083130888,68.331488,5.669909,20.85,21.84,"Nord"
"2014","Umbria",90.8370294094449,31.5015015015015,9.34178829928069,9.98678397801141,9.3,56.77791393354,61.022044,11.307851,20.79,22.09,"Centro"
"2014","Valle_d_Aosta",103.559926815043,30.3783783783784,35.1483488635034,36.3866037662287,13.4,59.5221843003413,66.169306,8.916829,19.05,23.81,"Nord"
"2014","Veneto",98.154823026782,31.4684684684684,11.5891434311676,12.515043687848,7.9,55.1153227352195,63.715179,7.484236,19.12,23,"Nord"
"2015","Abruzzo",90.8850716143678,32.5833333333333,10.2667298217879,10.4892309456071,4.8,57.445785898236,54.501476,12.616515,19.68,21.27,"Sud"
"2015","Basilicata",84.4604714497229,32.7897897897898,7.29193560767293,6.42423016000391,8.7,58.451415543563,49.193407,13.693915,22.56,20.06,"Sud"
"2015","Calabria",93.1613002283993,31.1711711711712,9.24214531393382,8.41836460212539,14.1,58.5807370328817,38.91355,22.92606,21.33,22.58,"Sud"
"2015","Campania",92.8634603910027,31.6402402402402,10.4282463040778,9.78590269055901,18.2,57.0320168935042,39.576877,19.797098,21.03,22.27,"Sud"
"2015","Emilia_Romagna",97.6484876921025,31.2298965632299,11.319605888268,13.8331495044287,10,55.6876296275251,66.699383,7.737063,20.04,22.24,"Centro"
"2015","Friuli_Venezia_Giulia",96.345318597405,31.4106606606606,11.6038452471383,12.7671765722817,4.5,54.8192697296701,63.657265,8.001827,18.29,22.64,"Nord"
"2015","Lazio",89.7365296690729,32.0036036036036,8.86431597840101,10.955736558641,9.1,55.2447913592634,58.976805,11.823837,20.58,20.91,"Centro"
"2015","Liguria",90.5674374804794,31.5262762762763,11.1852287490912,12.4152318011606,10.7,55.3139984603827,62.384052,9.190761,20.38,20.15,"Nord"
"2015","Lombardia",103.101759470146,31.3825825825826,12.5370463141837,14.2974286997518,10.3,55.1591413530853,65.135771,7.873209,20.29,21.77,"Nord"
"2015","Marche",94.3017035437026,32.1687687687688,9.90446150352973,10.7175963810646,7.9,56.1564053448316,62.144694,9.949743,22.41,21.31,"Centro"
"2015","Molise",87.8704087147985,32.4924924924925,9.70462238036211,10.0052023455514,7.2,57.8929326401188,49.382673,14.32902,17.59,19.35,"Centro"
"2015","Piemonte",93.1057005315642,31.4106606606606,12.8427849999614,13.9772302513284,8.4,55.8423571334956,63.665828,10.220142,19.53,22.2,"Nord"
"2015","Puglia",88.8171767444264,31.518018018018,7.05156365478141,6.33721272207181,12.7,56.9915763517513,43.294818,19.665586,19.68,21.09,"Sud"
"2015","Sardegna",73.8612939722438,32.9219219219219,8.63741188202169,8.7237860008419,14.8,59.7874033334264,50.147609,17.354923,19.24,23.08,"Sud"
"2015","Sicilia",90.3392046133963,31.4904904904905,8.77475455753534,7.98855907782126,19.6,57.4361492288595,39.97773,21.404279,21.62,20.05,"Sud"
"2015","Toscana",89.3863245590188,31.9391891891892,10.5167524105092,12.6293779907377,10,55.3848941883086,64.813511,9.181645,20.35,22.66,"Centro"
"2015","Trentino_Alto_Adige",117.461383474467,31.1546546546546,11.7805453984257,13.8879473424088,9.3,57.6370073891626,68.696645,5.29696,21.14,23.23,"Nord"
"2015","Umbria",85.1049731629265,31.7327327327327,9.5525325119781,10.3241291112792,8.1,56.5936223117302,63.103134,10.422333,22.67,19.78,"Centro"
"2015","Valle_d_Aosta",100.319856385249,31.3363363363363,34.8076141655987,34.094958272122,12.2,58.4136310223267,66.185613,8.879693,25.13,17.65,"Nord"
"2015","Veneto",98.7122646636195,31.5817245817246,11.5707404949197,12.4587012772977,6.6,54.497922366596,63.613113,7.09312,22.89,20.54,"Nord"
"2016","Abruzzo",89.7743076764126,32.4264264264265,10.8899153638234,11.3668371113641,7.4,57.1907485774848,55.730946,12.114501,20.44,20.49,"Sud"
"2016","Basilicata",86.5324671898389,32.5420420420421,8.33709138829277,6.98735012379647,9.5,58.0188750018755,50.326368,13.281078,23.52,19.23,"Sud"
"2016","Calabria",93.0545402780501,31.5015015015015,9.8799589312871,9.00753183725879,13.5,58.0857526438094,39.62746,23.159741,20.13,23.41,"Sud"
"2016","Campania",94.2428965969655,31.7129129129129,10.7870386439968,9.95260917219657,17.3,56.770258241197,41.162021,20.365055,20.59,21.08,"Sud"
"2016","Emilia_Romagna",96.3496735160406,31.1931931931932,11.7365876973856,14.4830322761009,9.8,55.2798477324924,68.390617,6.943011,20.15,22.67,"Centro"
"2016","Friuli_Venezia_Giulia",97.143535622888,31.6749249249249,12.2409982502993,13.8045465907147,6.6,54.5277341227782,64.662718,7.535446,20.53,21.07,"Nord"
"2016","Lazio",92.4840673751954,32.215015015015,9.29485822114627,11.0845979906649,8.3,55.1258406556975,59.906115,11.128278,19.89,20.59,"Centro"
"2016","Liguria",92.6894374787952,31.6831831831832,11.2977630442012,13.5083986950342,12.7,54.9301859563007,62.719147,9.738151,21.2,19.73,"Nord"
"2016","Lombardia",102.694950739031,31.6534534534535,13.0117677987341,14.952773258722,10.8,54.9415977882961,66.225011,7.39798,20.12,22.39,"Nord"
"2016","Marche",94.5037665925301,31.9573573573574,10.2781905330198,11.048190312017,8.9,56.013187330743,62.226283,10.60513,18.2,22.12,"Centro"
"2016","Molise",84.7403127252202,32.3603603603604,10.8307045215563,10.6513647242489,5.8,57.2938136847911,51.861436,12.814747,21.95,19.29,"Centro"
"2016","Piemonte",95.8072720680778,31.4725975975976,13.2293362614062,14.7804424315717,6.4,55.5252095597018,64.439413,9.34872,20.44,22.01,"Nord"
"2016","Puglia",90.3315394812163,31.7272272272272,7.35780163635847,6.57822532881111,12.3,56.4450890722379,44.27628,19.408375,19.69,20.74,"Sud"
"2016","Sardegna",70.8979762431379,33.3711711711712,8.95371179890069,9.06841555392659,12.1,59.1226419765312,50.298861,17.2524,19.01,21.9,"Sud"
"2016","Sicilia",89.7417158002271,31.4868201534868,9.30581088641995,8.12405083526497,19.1,57.1020287183615,40.102634,22.083753,20.88,20.1,"Sud"
"2016","Toscana",90.3309800337814,31.9887387387387,11.052264075298,13.5694239675485,8.7,55.2991629029173,65.323494,9.481157,20.32,21.7,"Centro"
"2016","Trentino_Alto_Adige",119.029765703349,31.5345345345346,12.0449344901936,14.0465103112482,6.8,58.0664596561153,69.326554,5.241546,19.24,21.91,"Nord"
"2016","Umbria",85.5347147243008,32.3603603603604,9.76708306375355,10.6228763522348,5.8,55.7120912881282,62.728603,9.571608,19.42,23.78,"Centro"
"2016","Valle_d_Aosta",101.873413596235,30.3783783783784,34.1651578367315,36.095410532945,10.8,57.6479076479076,66.430849,8.673983,21.76,19.69,"Nord"
"2016","Veneto",96.4590489678086,31.7516087516088,12.0449478269546,13.1839788919587,7.1,54.4099918859395,64.735107,6.768914,21.07,21.82,"Nord"
"2017","Abruzzo",88.7949090644639,32.5998498498498,10.6016302238323,10.8779006491974,7.7,56.7669341797928,56.806654,11.718716,19.95,22.52,"Sud"
"2017","Basilicata",89.225135147075,33.0705705705706,8.29441830492316,7.3911776908749,11.5,57.4536824376053,49.494637,12.809676,19.31,22.43,"Sud"
"2017","Calabria",91.3809014669877,30.8408408408408,9.85790376399736,8.80741378855944,10.4,57.9045560758453,40.837792,21.585538,22.81,21.19,"Sud"
"2017","Campania",92.5739283145955,31.778978978979,10.559296090782,10.0014298934989,17.7,55.9826216668573,42.048754,20.920887,21.83,20.86,"Sud"
"2017","Emilia_Romagna",93.9626131608268,31.4501167834501,11.6898450549668,15.1657924468125,8.7,55.2592700740076,68.584517,6.529396,20.62,23.13,"Centro"
"2017","Friuli_Venezia_Giulia",94.6549900782579,31.6418918918919,12.1798238634443,14.6501221544365,7.3,54.11848748653,65.721984,6.71819,18.2,21.5,"Nord"
"2017","Lazio",86.1317403355444,32.2216216216216,9.01887257771438,10.7118833575911,8.4,54.6117985400658,60.883121,10.659667,20.55,21.5,"Centro"
"2017","Liguria",88.2099594287422,31.5758258258258,11.3861280834664,13.5775977372389,13.5,54.7983773038418,62.368224,9.462251,20.87,19.93,"Nord"
"2017","Lombardia",101.065643633016,31.5840840840841,13.0479972807562,15.5774998021648,8.2,54.6597848098708,67.257799,6.411231,20.17,22.14,"Nord"
"2017","Marche",89.5091537111502,32.3009009009009,10.4952820954544,11.7823629980554,5,55.718618378697,62.183865,10.555517,18.99,19.86,"Centro"
"2017","Molise",85.8697413233337,33.0045045045045,10.621271076524,11.1887159533074,9.9,56.1863937246668,51.708713,14.598409,19.95,22.83,"Centro"
"2017","Piemonte",94.708991984873,31.6212462462463,13.3238359965843,15.1918336937928,7.6,55.4596275231714,65.190837,9.111234,20.07,21.13,"Nord"
"2017","Puglia",89.8770127067003,32.0795795795796,7.61667238641901,6.95097770489408,13.6,56.1035085453074,44.517219,18.843294,19.06,21.27,"Sud"
"2017","Sardegna",74.8869892320874,33.3315315315315,9.11696263346609,9.6025326864768,15.6,58.7683776843412,50.456956,17.012118,18.48,19.77,"Sud"
"2017","Sicilia",90.2330397130228,31.2042042042042,9.45603567769541,8.10643042246731,17.4,56.5100936176058,40.627694,21.486222,21.73,21.15,"Sud"
"2017","Toscana",90.0534898934452,31.963963963964,11.0293704692681,13.5908320302811,8.6,55.3039389546649,66.027384,8.570625,20.3,22.53,"Centro"
"2017","Trentino_Alto_Adige",117.94716411511,31.3528528528528,12.2635922138429,15.031765460162,9.1,57.5352578397748,70.202186,4.35934,21.02,20.23,"Nord"
"2017","Umbria",88.0513445651557,31.1711711711711,9.78919218335694,10.9360811448912,8.5,55.7960564828167,62.94327,10.530934,19.3,22.34,"Centro"
"2017","Valle_d_Aosta",95.1224054687571,30.4444444444444,33.9951214506185,36.4928124284598,11.8,58.3363169829335,67.072482,7.799016,19.76,22.75,"Nord"
"2017","Veneto",95.4570040997889,31.5250965250965,12.310876109607,14.0632714314471,10.7,54.2811188239621,66.037638,6.328383,21.49,21.38,"Nord"
"2018","Abruzzo",84.4020985004721,32.3355855855856,11.1160368712286,12.0755647332931,6.9,NA,58.013003,10.760712,19.5,22.01,"Sud"
"2018","Basilicata",83.0597278882707,32.9054054054054,8.60297565758622,7.07216040698583,8,NA,49.388406,12.497894,20.53,20.7,"Sud"
"2018","Calabria",91.9387535777102,31.2966966966967,10.0833724393363,8.71827411827007,14.7,NA,42.152182,21.595781,21.3,23.49,"Sud"
"2018","Campania",90.6442203796813,31.9045045045045,10.76335150651,9.51838565691618,18.7,NA,41.641068,20.374655,20.77,21.63,"Sud"
"2018","Emilia_Romagna",93.484541914264,31.8648648648649,11.7745258574153,15.3925396768273,9.1,NA,69.601032,5.850622,21.04,22.75,"Centro"
"2018","Friuli_Venezia_Giulia",92.3206802656404,31.774024024024,12.214291316966,15.1508271030545,6.9,NA,66.272239,6.690111,19.94,22.26,"Nord"
"2018","Lazio",86.0320733971544,32.551951951952,9.2194341917007,10.6073384054254,8.5,NA,60.907382,11.140634,20.19,21.26,"Centro"
"2018","Liguria",87.0865315895106,31.6171171171171,11.5807493929775,14.0892781962984,12.6,NA,62.960906,9.89856,22.73,20.23,"Nord"
"2018","Lombardia",99.4658371933543,31.6072072072072,13.2817767805665,16.1159119259691,9.9,NA,67.694749,6.031202,20.03,22.68,"Nord"
"2018","Marche",88.2008738686999,32.4990990990991,10.6360940058218,11.7658620574436,6.8,NA,64.662192,8.067201,19.24,21.74,"Centro"
"2018","Molise",81.1761956116648,32.4924924924925,11.6699938675122,11.2713821583748,8,NA,53.454863,12.989636,22.93,17.87,"Centro"
"2018","Piemonte",90.1997036029208,31.5262762762763,13.3044561141596,14.7853139983784,11.5,NA,65.89485,8.21728,20.62,22.4,"Nord"
"2018","Puglia",87.7930863832976,32.0575575575576,7.74622928562752,6.81195491288854,13,NA,45.544165,16.024802,19.59,21.23,"Sud"
"2018","Sardegna",68.7150087330122,32.6642642642643,9.17892878163626,9.17696684324112,16.5,NA,52.73463,15.37389,22.08,20.37,"Sud"
"2018","Sicilia",90.2732433326557,31.7400734067401,9.94672804838667,8.44366907936323,20.7,NA,40.673495,21.456826,21.39,21.9,"Sud"
"2018","Toscana",86.9616159023251,32.2819069069069,11.3389158760878,13.4152898884928,9.8,NA,66.528106,7.338926,19.03,22.39,"Centro"
"2018","Trentino_Alto_Adige",117.746070597265,31.4189189189189,12.5095205747339,15.5164315295236,8,NA,70.850343,3.801829,20.35,21.46,"Nord"
"2018","Umbria",85.1568493855389,32.0630630630631,9.93888031288899,11.1706296913667,7.1,NA,63.044004,9.203678,20.45,18.79,"Centro"
"2018","Valle_d_Aosta",97.4824566750766,30.9399399399399,36.4811865655677,38.5411962317669,13.6,NA,67.874802,7.035465,20.95,17.57,"Nord"
"2018","Veneto",96.2219239484227,31.8648648648649,12.629544825009,14.8263775636476,10.6,NA,66.649017,6.445956,18.97,24.39,"Nord"
"2019","Abruzzo",83.6717168399183,32.7154654654655,12.1110679701225,12.4744261501024,4.2,NA,58.239224,11.227121,20.25,22.04,"Sud"
"2019","Basilicata",83.8087111269692,32.6411411411411,9.76284804336657,7.21892919097652,8.6,NA,50.787647,10.764903,19.81,22.99,"Sud"
"2019","Calabria",89.7137299789383,31.4354354354354,12.2501792605834,9.20868546945876,16.6,NA,41.968225,21.003595,20.53,22.49,"Sud"
"2019","Campania",90.5030682138115,32.1027027027027,12.1757938752582,10.3575933693954,15.7,NA,41.482555,20.026319,21.65,21.74,"Sud"
"2019","Emilia_Romagna",90.8392338740217,31.685018351685,13.0519146630764,17.0006949282793,8.5,NA,70.394067,5.543042,19.95,22.97,"Centro"
"2019","Friuli_Venezia_Giulia",89.4674710041685,32.0465465465465,13.8892973808961,15.7104924430815,7.4,NA,66.602999,6.117857,20.6,19.44,"Nord"
"2019","Lazio",81.6152473655006,32.2282282282282,10.0175712219967,11.3129638341848,10.2,NA,61.226097,9.927102,20.25,21.67,"Centro"
"2019","Liguria",84.5925814162497,31.5262762762763,12.3353207478245,14.6369815653172,6.6,NA,63.261372,9.59674,20.31,21.59,"Nord"
"2019","Lombardia",97.0542789917867,31.8153153153153,14.6878886102685,17.7522889453855,10.1,NA,68.369693,5.620432,19.41,22.93,"Nord"
"2019","Marche",85.1417066198523,32.215015015015,11.8361845952269,12.698239384972,5.6,NA,64.959741,8.642232,19.77,21.79,"Centro"
"2019","Molise",87.594404308142,33.0045045045046,13.0142532670595,11.4197307350472,7,NA,54.51675,12.193766,17.22,19.17,"Centro"
"2019","Piemonte",89.6951275679377,31.7327327327327,14.4532887920131,16.45653929189,10.3,NA,66.019135,7.64651,19.73,22.81,"Nord"
"2019","Puglia",84.5386502256103,32.1731731731732,8.76980365878444,7.40782104917888,14.4,NA,46.321474,14.889283,21.01,20.63,"Sud"
"2019","Sardegna",67.8633880464608,33.8402402402402,10.1109750181383,9.68181983495833,13.1,NA,53.822538,14.717535,23.67,20.45,"Sud"
"2019","Sicilia",87.6593723446983,31.7584250917584,10.9539929119569,8.85426810535417,20.1,NA,41.085614,20.008855,21.4,22.38,"Sud"
"2019","Toscana",84.9038744580618,31.9887387387387,12.4960588629587,15.2770494385416,8.2,NA,66.891634,6.749556,19.6,22.91,"Centro"
"2019","Trentino_Alto_Adige",114.591873969562,31.584084084084,13.3621468221676,15.6544392449401,7.8,NA,71.263612,3.940547,23.41,20.86,"Nord"
"2019","Umbria",82.1220408021773,31.963963963964,10.9453112124375,12.2246333022029,8.4,NA,64.631144,8.464662,18.91,22.24,"Centro"
"2019","Valle_d_Aosta",96.173147820709,31.039039039039,35.1857894359864,37.7770526768163,9.7,NA,68.378265,6.485692,15.82,26.58,"Nord"
"2019","Veneto",91.8743586237114,31.954525954526,13.6149400461451,15.6409442757734,7.6,NA,67.509255,5.648959,20.32,23.55,"Nord"
"2020","Abruzzo",83.5866377924313,32.9632132132132,10.6449984968403,11.1298737732246,5.3,NA,57.524062,9.283193,19.69,21.68,"Sud"
"2020","Basilicata",82.4739416562962,32.9549549549549,8.75547217010632,6.47984470062575,7.2,NA,50.610798,8.604271,23.27,23.48,"Sud"
"2020","Calabria",92.0710217996244,31.5015015015015,10.0452455242832,7.68857141348707,12.8,NA,41.070596,20.100448,21.23,23.37,"Sud"
"2020","Campania",90.4431200354128,32.2414414414414,10.5738949462575,9.12820284786288,14.5,NA,40.855506,17.933899,19.78,22.98,"Sud"
"2020","Emilia_Romagna",89.8214366461411,31.7767767767768,12.0772318121448,14.7040883094738,8.4,NA,68.763958,5.719074,20.17,25.13,"Centro"
"2020","Friuli_Venezia_Giulia",94.229676261248,32.0795795795796,12.1948307765773,14.1525232628319,6.7,NA,67.087826,5.642645,18.88,22.99,"Nord"
"2020","Lazio",83.3181915131113,32.0960960960961,8.67348888927498,9.45337665270949,7.7,NA,60.21089,9.085814,20.92,22.19,"Centro"
"2020","Liguria",87.2537620480144,31.5593093093093,11.4001204071809,12.9541337831333,6.5,NA,62.692835,8.297848,23.24,21.49,"Nord"
"2020","Lombardia",94.3690422384345,31.9705705705706,13.3255388476727,14.8366279395612,9.1,NA,66.877419,5.026589,19.66,23.5,"Nord"
"2020","Marche",86.0357826985133,32.5981981981982,10.6181644136997,11.3665090647543,7.6,NA,64.077211,7.373051,20.12,21.02,"Centro"
"2020","Molise",72.4379256525629,32.8723723723724,11.6386481917768,9.77385563497451,5.5,NA,53.546558,9.514595,16.88,24.84,"Centro"
"2020","Piemonte",89.0022136467495,31.5386636636637,13.2489271590829,14.4598149432051,10.7,NA,64.552657,7.515081,20.79,23.02,"Nord"
"2020","Puglia",85.8336368864709,32.0135135135135,7.65961644750405,6.94214081635492,14.1,NA,46.149365,14.037291,19.35,21.71,"Sud"
"2020","Sardegna",66.1634298841388,33.2786786786787,9.1326682886361,8.9053195509366,8.2,NA,52.101181,13.253135,18.62,20.13,"Sud"
"2020","Sicilia",90.1533252055502,31.4978311644978,9.55270353148223,8.25698573828429,15.1,NA,40.995555,17.874627,21.06,22.65,"Sud"
"2020","Toscana",80.941370208572,31.8896396396396,11.4519621237869,13.2842435657695,9.1,NA,66.123431,6.618514,18.22,23.69,"Centro"
"2020","Trentino_Alto_Adige",114.864265975009,31.484984984985,12.070655959869,14.033053542955,8.4,NA,69.745226,4.504503,21.06,22.38,"Nord"
"2020","Umbria",83.4907336829397,31.996996996997,9.95972028293485,10.9634379686611,12,NA,63.485368,8.170431,17.06,24.34,"Centro"
"2020","Valle_d_Aosta",88.7632945667685,32.5585585585586,32.1224626901483,34.2146936033399,9,NA,67.243624,5.827648,17.8,26.27,"Nord"
"2020","Veneto",93.8819804689392,32.0772200772201,12.5914583595077,13.8526250462941,8.1,NA,65.945328,5.791766,19.78,21.9,"Nord"
"2021","Abruzzo",83.6715704071615,32.9714714714715,11.4137884734881,12.4237712058903,NA,NA,57.807581,9.568934,18.67,24.54,"Sud"
"2021","Basilicata",84.8927322889322,33.4174174174174,9.08333791939537,7.51600535652046,NA,NA,52.549263,8.440469,21.7,21.28,"Sud"
"2021","Calabria",88.0162882359139,31.8516516516516,10.8171499424111,9.29946829008476,NA,NA,42.041487,18.40225,19.24,22.67,"Sud"
"2021","Campania",88.8890952226687,32.6378378378379,11.4171108732527,10.0215495016233,NA,NA,41.347151,19.666569,20.51,22.62,"Sud"
"2021","Emilia_Romagna",91.7476351190598,32.0483817150484,12.7393562918329,15.8654650877001,NA,NA,68.471751,5.56329,20.18,24.49,"Centro"
"2021","Friuli_Venezia_Giulia",90.0562258743089,31.9309309309309,12.8475002288787,15.5572571181264,NA,NA,67.362666,5.803563,19.96,23.6,"Nord"
"2021","Lazio",83.1141071773422,32.2018018018018,9.38541975872884,10.7643813284206,NA,NA,59.835664,10.20351,19.03,22.48,"Centro"
"2021","Liguria",87.5132269511475,32.0548048048048,12.3453814467614,15.0261936983658,NA,NA,63.509656,8.536494,20.28,21.88,"Nord"
"2021","Lombardia",98.0856128016695,32.0927927927928,14.7103346833569,16.7331459610397,NA,NA,66.524483,5.963816,20.1,22.64,"Nord"
"2021","Marche",90.7543085621167,32.8426426426426,10.957953219653,12.6942617851927,NA,NA,64.137409,7.283222,19.42,22.25,"Centro"
"2021","Molise",75.9712996840838,32.2612612612613,12.3291674312082,11.358709317893,NA,NA,52.332708,11.189439,19.39,23.81,"Centro"
"2021","Piemonte",91.6345628207213,32.2736486486486,13.9520859332693,15.4538596402995,NA,NA,65.041176,7.473577,19.23,22.51,"Nord"
"2021","Puglia",87.5627784688496,32.531031031031,7.97615116464406,7.8385734626035,NA,NA,46.667995,14.788561,19.86,21.75,"Sud"
"2021","Sardegna",69.1325696608074,33.5891891891892,9.56879180701918,9.87255698584442,NA,NA,53.552692,13.782414,20.65,22.96,"Sud"
"2021","Sicilia",89.6512220253392,32.0593927260594,9.67688346723683,8.90087417415833,NA,NA,41.068477,19.046629,20.81,23.6,"Sud"
"2021","Toscana",87.2364920320144,32.6246246246246,12.0922914864204,14.2327434119579,NA,NA,65.638397,7.738147,17.59,23.44,"Centro"
"2021","Trentino_Alto_Adige",117.371915783989,31.3198198198198,12.9073289028278,14.7099838637499,NA,NA,69.002645,4.340155,20.54,23.06,"Nord"
"2021","Umbria",83.507034199176,32.03003003003,10.2184754324908,11.6017988288201,NA,NA,64.41571,6.785093,17.97,23.57,"Centro"
"2021","Valle_d_Aosta",90.6303094661127,30.8408408408408,35.2682348959215,37.0637203942332,NA,NA,66.543634,7.284268,17.65,21.85,"Nord"
"2021","Veneto",95.2730594763229,32.1008151008151,13.0519135164883,14.8749340326048,NA,NA,65.691737,5.360404,20.26,23.02,"Nord"
